"gene","log2FoldChange","padj"
"CSAG1",8.56634411840827,3.35242433424067e-86
"CGA",8.07399634327863,2.25717908553784e-93
"MAGEA6",7.54412130479929,1.99631421401212e-37
"CST4",7.47346111108602,9.35891834165541e-142
"LINC00052",7.29520532479304,2.1917568360286e-71
"MUC2",7.26511297044013,4.54411129790208e-97
"MAGEA3",7.15773851935067,1.41479398128474e-33
"COL10A1",7.09531875073547,0
"CST1",6.92644959346119,4.5303471538308e-180
"DSCAM-AS1",6.88965015803127,4.94956202827687e-92
